Course,Link
"The Complete Python Bootcamp From Zero to Hero in PythonLearn Python like a Professional  Start from the basics and go all the way to creating your own applications and gamesRating: 4.6 out of 5502086 reviews22 total hours156 lecturesAll LevelsCurrent price: ₹499Original price: ₹3,099",https://www.udemy.com/course/complete-python-bootcamp/
"The Complete 2024 Web Development BootcampBecome a Full-Stack Web Developer with just ONE course. HTML, CSS, Javascript, Node, React, PostgreSQL, Web3 and DAppsRating: 4.7 out of 5371464 reviews61.5 total hours373 lecturesAll LevelsCurrent price: ₹499Original price: ₹3,099",https://www.udemy.com/course/the-complete-web-development-bootcamp/
"100 Days of Code: The Complete Python Pro BootcampMaster Python by building 100 projects in 100 days. Learn data science, automation, build websites, games and apps!Rating: 4.7 out of 5289228 reviews58.5 total hours636 lecturesAll LevelsCurrent price: ₹499Original price: ₹3,099",https://www.udemy.com/course/100-days-of-code/
Try Udemy Business,https://www.udemy.com/udemy-business/request-demo-in-mx/?ref=right-rail&locale=en_US
"The Web Developer Bootcamp 202410 Hours of React just added. Become a Developer With ONE course - HTML, CSS, JavaScript, React, Node, MongoDB and More!Rating: 4.7 out of 5271377 reviews74 total hours726 lecturesAll LevelsCurrent price: ₹499Original price: ₹3,099",https://www.udemy.com/course/the-web-developer-bootcamp/
"React - The Complete Guide 2024 (incl. React Router & Redux)Dive in and learn React.js from scratch! Learn React, Hooks, Redux, React Router, Next.js, Best Practices and way more!Rating: 4.6 out of 5209140 reviews68.5 total hours695 lecturesAll LevelsCurrent price: ₹599Original price: ₹3,699",https://www.udemy.com/course/react-the-complete-guide-incl-redux/
"The Complete JavaScript Course 2024: From Zero to Expert!The modern JavaScript course for everyone! Master JavaScript with projects, challenges and theory. Many courses in one!Rating: 4.7 out of 5203978 reviews68.5 total hours321 lecturesAll LevelsCurrent price: ₹599Original price: ₹3,699",https://www.udemy.com/course/the-complete-javascript-course/
"Angular - The Complete Guide (2024 Edition)Master Angular (formerly ""Angular 2"") and build awesome, reactive web apps with the successor of Angular.jsRating: 4.6 out of 5200038 reviews36.5 total hours503 lecturesAll LevelsCurrent price: ₹499Original price: ₹3,099",https://www.udemy.com/course/the-complete-guide-to-angular-2/
"Java 17 Masterclass: Start Coding in 2024Acquire Key Java Skills: From Basics to Advanced Programming &amp; Certification - Start Your Dev CareerRating: 4.6 out of 5195577 reviews138.5 total hours735 lecturesAll LevelsCurrent price: ₹599Original price: ₹3,699",https://www.udemy.com/course/java-the-complete-java-developer-course/
"Machine Learning A-Z: AI, Python & R + ChatGPT Prize [2024]Learn to create Machine Learning Algorithms in Python and R from two Data Science experts. Code templates included.Rating: 4.5 out of 5183863 reviews43 total hours386 lecturesAll LevelsCurrent price: ₹599Original price: ₹3,699",https://www.udemy.com/course/machinelearning/
"Python for Data Science and Machine Learning BootcampLearn how to use NumPy, Pandas, Seaborn , Matplotlib , Plotly , Scikit-Learn , Machine Learning, Tensorflow , and more!Rating: 4.6 out of 5141564 reviews25 total hours165 lecturesAll LevelsCurrent price: ₹699Original price: ₹4,499",https://www.udemy.com/course/python-for-data-science-and-machine-learning-bootcamp/
"The Data Science Course: Complete Data Science Bootcamp 2024Complete Data Science Training: Math, Statistics, Python, Advanced Statistics in Python, Machine and Deep LearningRating: 4.6 out of 5138121 reviews32 total hours520 lecturesAll LevelsCurrent price: ₹599Original price: ₹3,699",https://www.udemy.com/course/the-data-science-course-complete-data-science-bootcamp/
"Selenium WebDriver with Java -Basics to Advanced+Frameworks""TOP RATED  #1 Master SELENIUM java 4 (Latest) course"" -5 Million students learning worldWide with great collaborationRating: 4.6 out of 5115620 reviews55.5 total hours335 lecturesAll LevelsCurrent price: ₹599Original price: ₹3,699",https://www.udemy.com/course/selenium-real-time-examplesinterview-questions/
"Automate the Boring Stuff with Python ProgrammingA practical programming course for office workers, academics, and administrators who want to improve their productivity.Rating: 4.6 out of 5112373 reviews9.5 total hours51 lecturesAll LevelsCurrent price: ₹599Original price: ₹3,699",https://www.udemy.com/course/automate/
"Build Responsive Real-World Websites with HTML and CSSLearn modern HTML5, CSS3 and web design by building a stunning website for your portfolio! Includes flexbox and CSS GridRating: 4.8 out of 5105492 reviews37.5 total hours149 lecturesAll LevelsCurrent price: ₹599Original price: ₹3,699",https://www.udemy.com/course/design-and-develop-a-killer-website-with-html5-and-css3/
"Complete C# Unity Game Developer 2DLearn Unity in C# & Code Your First Five 2D Video Games for Web, Mac & PC. The Tutorials Cover TilemapRating: 4.7 out of 5103104 reviews18.5 total hours139 lecturesAll LevelsCurrent price: ₹599Original price: ₹3,699",https://www.udemy.com/course/unitycourse/
"Learn Python Programming MasterclassThis Python For Beginners Course Teaches You The Python Language  Fast.  Includes Python Online Training With Python 3Rating: 4.6 out of 5101902 reviews64 total hours494 lecturesAll LevelsCurrent price: ₹699Original price: ₹4,499",https://www.udemy.com/course/python-the-complete-python-developer-course/
"The Ultimate MySQL Bootcamp: Go from SQL Beginner to ExpertJUST COMPLETELY REDONE!  Master SQL, Work With Complex Databases, Build Reports, and More!Rating: 4.6 out of 591807 reviews21.5 total hours383 lecturesBeginnerCurrent price: ₹599Original price: ₹3,699",https://www.udemy.com/course/the-ultimate-mysql-bootcamp-go-from-sql-beginner-to-expert/
"iOS & Swift - The Complete iOS App Development BootcampFrom Beginner to iOS App Developer with Just One Course! Fully Updated with a Comprehensive Module Dedicated to SwiftUI!Rating: 4.7 out of 590092 reviews60.5 total hours542 lecturesAll LevelsCurrent price: ₹699Original price: ₹4,499",https://www.udemy.com/course/ios-13-app-development-bootcamp/
"Modern React with Redux [2024 Update]Master React and Redux. Apply modern design patterns to build apps with React Router, TailwindCSS, Context, and Hooks!Rating: 4.7 out of 586260 reviews76 total hours684 lecturesAll LevelsCurrent price: ₹599Original price: ₹3,699",https://www.udemy.com/course/react-redux/
"[NEW] Spring Boot 3, Spring 6 & Hibernate for BeginnersSpring Boot 3: Learn Spring 6, Spring Core, Spring REST, Spring MVC, Spring Security, Thymeleaf, JPA, Hibernate, MySQLRating: 4.6 out of 580731 reviews34 total hours398 lecturesAll LevelsCurrent price: ₹599Original price: ₹3,699",https://www.udemy.com/course/spring-hibernate-tutorial/
"Flutter & Dart - The Complete Guide [2024 Edition]A Complete Guide to the Flutter SDK &amp; Flutter Framework for building native iOS and Android appsRating: 4.6 out of 574978 reviews30 total hours305 lecturesAll LevelsCurrent price: ₹599Original price: ₹3,699",https://www.udemy.com/course/learn-flutter-dart-to-build-ios-android-apps/
"The Complete Web Developer Course 3.0Learn Web Development in 2024! Build apps, website, projects using HTML, CSS, Javascript, PHP, Python, MySQL &amp; more!Rating: 4.6 out of 572031 reviews31 total hours222 lecturesAll LevelsCurrent price: ₹699Original price: ₹4,499",https://www.udemy.com/course/the-complete-web-developer-course-2/
"The Complete Node.js Developer Course (3rd Edition)Learn Node.js by building real-world applications with Node JS, Express, MongoDB, Jest, and more!Rating: 4.5 out of 571510 reviews35 total hours177 lecturesAll LevelsCurrent price: ₹599Original price: ₹3,699",https://www.udemy.com/course/the-complete-nodejs-developer-course-2/
"Unreal Engine 5 C++ Developer: Learn C++ & Make Video GamesCreated in collaboration with Epic Games. Learn C++ from basics while making your first 5 video games in UnrealRating: 4.7 out of 569260 reviews29.5 total hours210 lecturesAll LevelsCurrent price: ₹999Original price: ₹6,500",https://www.udemy.com/course/unrealcourse/
"C# Basics for Beginners: Learn C# Fundamentals by CodingMaster C# fundamentals in 6 hours - The most popular course with 50,000+ students, packed with tips and exercises!Rating: 4.5 out of 569191 reviews5.5 total hours87 lecturesBeginnerCurrent price: ₹599Original price: ₹3,699",https://www.udemy.com/course/csharp-tutorial-for-beginners/
"Beginning C++ Programming - From Beginner to BeyondObtain Modern C++ Object-Oriented Programming (OOP) and STL skills. C++14 and C++17 covered.  C++20 info see below.Rating: 4.6 out of 568356 reviews46 total hours305 lecturesAll LevelsCurrent price: ₹499Original price: ₹3,099",https://www.udemy.com/course/beginning-c-plus-plus-programming/
"Python Mega Course: Learn Python in 60 Days, Build 20 AppsLearn Python completely in 60 days or less by building 20 real-world applications from web development to data science.Rating: 4.6 out of 566022 reviews52 total hours458 lecturesAll LevelsCurrent price: ₹699Original price: ₹4,499",https://www.udemy.com/course/the-python-mega-course/
"Vue - The Complete Guide (incl. Router & Composition API)Vue.js is an awesome JavaScript Framework for building Frontend Applications! VueJS mixes the Best of Angular + React!Rating: 4.8 out of 562645 reviews32 total hours332 lecturesAll LevelsCurrent price: ₹599Original price: ₹3,699",https://www.udemy.com/course/vuejs-2-the-complete-guide/
"Docker Mastery: with Kubernetes +Swarm from a Docker CaptainBuild, test, deploy containers with the best mega-course on Docker, Kubernetes, Compose, GitHub Actions CI using DevOpsRating: 4.6 out of 562093 reviews21.5 total hours213 lecturesAll LevelsCurrent price: ₹599Original price: ₹3,699",https://www.udemy.com/course/docker-mastery/
"Docker and Kubernetes: The Complete GuideBuild, test, and deploy Docker applications with Kubernetes while learning production-style development workflowsRating: 4.6 out of 557943 reviews21.5 total hours313 lecturesAll LevelsCurrent price: ₹599Original price: ₹3,699",https://www.udemy.com/course/docker-and-kubernetes-the-complete-guide/
"The Complete Python DeveloperHow to become a Python 3 Developer and get hired! Build 12+ projects, learn Web Development, Machine Learning + more!Rating: 4.6 out of 554935 reviews31 total hours341 lecturesAll LevelsCurrent price: ₹599Original price: ₹3,699",https://www.udemy.com/course/complete-python-developer-zero-to-mastery/
"R Programming A-Z™: R For Data Science With Real Exercises!Learn Programming In R And R Studio. Data Analytics, Data Science, Statistical Analysis, Packages, Functions, GGPlot2Rating: 4.6 out of 553403 reviews10.5 total hours80 lecturesAll LevelsCurrent price: ₹699Original price: ₹4,499",https://www.udemy.com/course/r-programming/
"The Complete Flutter Development Bootcamp with DartOfficially created in collaboration with the Google Flutter team.Rating: 4.5 out of 553292 reviews29 total hours217 lecturesAll LevelsCurrent price: ₹599Original price: ₹3,699",https://www.udemy.com/course/flutter-bootcamp-with-dart/
"SQL for Beginners: Learn SQL using MySQL and Database DesignUnderstand SQL using the MySQL database. Learn Database Design and Data Analysis with Normalization and RelationshipsRating: 4.6 out of 552525 reviews8.5 total hours126 lecturesBeginnerCurrent price: ₹599Original price: ₹3,699",https://www.udemy.com/course/sql-for-beginners-course/
"The Python Bible™ | Everything You Need to Program in PythonBuild 11 Projects and go from Beginner to Pro in Python with the World's Most Fun Project-Based Python Course!Rating: 4.6 out of 551748 reviews9 total hours74 lecturesBeginnerCurrent price: ₹699Original price: ₹4,499",https://www.udemy.com/course/the-python-bible/
"Master Microservices with Spring Boot and Spring CloudJava Spring Boot Microservices 5-in-1 - Spring Boot, Spring Cloud, Docker, Kubernetes and REST API (REST Web Services)Rating: 4.6 out of 550894 reviews25 total hours315 lecturesAll LevelsCurrent price: ₹599Original price: ₹3,699",https://www.udemy.com/course/microservices-with-spring-boot-and-spring-cloud/
"Python and Django Full Stack Web Developer BootcampLearn to build websites with HTML , CSS , Bootstrap , Javascript , jQuery , Python 3 , and Django!Rating: 4.4 out of 549745 reviews32 total hours198 lecturesAll LevelsCurrent price: ₹599Original price: ₹3,699",https://www.udemy.com/course/python-and-django-full-stack-web-developer-bootcamp/
"Understanding TypeScriptBoost your JavaScript projects with TypeScript: Learn all about core types, generics, TypeScript + React or Node & more!Rating: 4.7 out of 549628 reviews15 total hours198 lecturesAll LevelsCurrent price: ₹699Original price: ₹4,499",https://www.udemy.com/course/understanding-typescript/
"JavaScript: Understanding the Weird PartsAn advanced JavaScript course for everyone! Scope, closures, prototypes, 'this', build your own framework, and more.Rating: 4.7 out of 547940 reviews12 total hours89 lecturesAll LevelsCurrent price: ₹599Original price: ₹3,699",https://www.udemy.com/course/understand-javascript/
"Mastering Data Structures & Algorithms using C and C++Learn, Analyse and Implement Data Structure using C and C++. Learn Recursion and Sorting.Rating: 4.6 out of 547053 reviews58.5 total hours390 lecturesAll LevelsCurrent price: ₹499Original price: ₹3,099",https://www.udemy.com/course/datastructurescncpp/
"NodeJS - The Complete Guide (MVC, REST APIs, GraphQL, Deno)Master Node JS & Deno.js, build REST APIs with Node.js, GraphQL APIs, add Authentication, use MongoDB, SQL & much more!Rating: 4.6 out of 547011 reviews40.5 total hours543 lecturesAll LevelsCurrent price: ₹499Original price: ₹3,099",https://www.udemy.com/course/nodejs-the-complete-guide/
"Deep Learning A-Z 2024: Neural Networks, AI & ChatGPT PrizeLearn to create Deep Learning models in Python from two Machine Learning, Data Science experts. Code templates included.Rating: 4.5 out of 545668 reviews23 total hours192 lecturesAll LevelsCurrent price: ₹599Original price: ₹3,699",https://www.udemy.com/course/deeplearning/
"The Complete React Native + Hooks CourseUnderstand React Native with Hooks, Context, and React Navigation.Rating: 4.5 out of 544257 reviews38.5 total hours435 lecturesAll LevelsCurrent price: ₹599Original price: ₹3,699",https://www.udemy.com/course/the-complete-react-native-and-redux-course/
"Apache Kafka Series - Learn Apache Kafka for Beginners v3START HERE: Learn Apache Kafka 3.0 Ecosystem, Core Concepts, Real World Java Producers/Consumers & Big Data ArchitectureRating: 4.7 out of 543711 reviews8.5 total hours121 lecturesAll LevelsCurrent price: ₹499Original price: ₹3,099",https://www.udemy.com/course/apache-kafka/
"Advanced CSS and Sass: Flexbox, Grid, Animations and More!The most advanced and modern CSS course on the internet: master flexbox, CSS Grid, responsive design, and so much more.Rating: 4.8 out of 543551 reviews28 total hours126 lecturesIntermediateCurrent price: ₹499Original price: ₹3,099",https://www.udemy.com/course/advanced-css-and-sass/
"Python for Beginners: Learn Python Programming (Python 3)Learn Python Programming the Easy Way, Complete with Examples, Quizzes, Exercises and more. Learn Python 2 and Python 3.Rating: 4.5 out of 543466 reviews3 total hours78 lecturesAll LevelsCurrent price: ₹499Original price: ₹3,299",https://www.udemy.com/course/python-programming-projects/
"Java Programming for Complete BeginnersJava Programming for Beginners to Java Object Oriented Programming. Core Java + REST API with Spring Boot. Java 8 to 16.Rating: 4.6 out of 543342 reviews41.5 total hours504 lecturesBeginnerCurrent price: ₹499Original price: ₹3,099",https://www.udemy.com/course/java-programming-tutorial-for-beginners/
"Statistics for Data Science and Business AnalysisStatistics you need in the office: Descriptive & Inferential statistics, Hypothesis testing, Regression analysisRating: 4.6 out of 542859 reviews5 total hours92 lecturesAll LevelsCurrent price: ₹599Original price: ₹3,699",https://www.udemy.com/course/statistics-for-data-science-and-business-analysis/
"Complete C# Unity Game Developer 3DDesign & Develop Video Games. Learn C# in Unity Engine. Code Your first 3D Unity games for web, Mac & PC.Rating: 4.7 out of 541750 reviews30.5 total hours204 lecturesAll LevelsCurrent price: ₹499Original price: ₹3,099",https://www.udemy.com/course/unitycourse2/