Link,Course Name,total hours,rating,level
https://www.udemy.com/course/complete-python-bootcamp/,The Complete Python Bootcamp From Zero to Hero in Python,22.0,4.6,All Levels
https://www.udemy.com/course/the-complete-web-development-bootcamp/,The Complete 2024 Web Development Bootcamp,61.5,4.7,All Levels
https://www.udemy.com/course/100-days-of-code/,100 Days of Code: The Complete Python Pro Bootcamp,58.5,4.7,All Levels
https://www.udemy.com/udemy-business/request-demo-in-mx/?ref=right-rail&locale=en_US,Try Udemy Business,,,
https://www.udemy.com/course/the-web-developer-bootcamp/,The Web Developer Bootcamp 202410 Hours of React just added. Become a Developer With O,74.0,4.7,All Levels
https://www.udemy.com/course/react-the-complete-guide-incl-redux/,React - The Complete Guide 2024 (incl. React Router & Redux),68.5,4.6,All Levels
https://www.udemy.com/course/the-complete-javascript-course/,The Complete Java,68.5,4.7,Expert
https://www.udemy.com/course/the-complete-guide-to-angular-2/,Angular - The Complete Guide (2024 Edition),36.5,4.6,All Levels
https://www.udemy.com/course/java-the-complete-java-developer-course/,Java 17 Masterclass: Start Coding in 2024,138.5,4.6,All Levels
https://www.udemy.com/course/machinelearning/,Machine Learning A-,43.0,4.5,All Levels
https://www.udemy.com/course/python-for-data-science-and-machine-learning-bootcamp/,Python for Data Science and Machine Learning Bootcamp,25.0,4.6,All Levels
https://www.udemy.com/course/the-data-science-course-complete-data-science-bootcamp/,The Data Science Course: Complete Data Science Bootcamp 2024,32.0,4.6,All Levels
https://www.udemy.com/course/selenium-real-time-examplesinterview-questions/,Selenium Web,55.5,4.6,All Levels
https://www.udemy.com/course/automate/,Automate the Boring Stuff with Python Programming,9.5,4.6,All Levels
https://www.udemy.com/course/design-and-develop-a-killer-website-with-html5-and-css3/,Build Responsive Real-,37.5,4.8,All Levels
https://www.udemy.com/course/unitycourse/,Complete C# Unity Game Developer 2,18.5,4.7,All Levels
https://www.udemy.com/course/python-the-complete-python-developer-course/,Learn Python Programming Masterclass,64.0,4.6,Beginner
https://www.udemy.com/course/the-ultimate-mysql-bootcamp-go-from-sql-beginner-to-expert/,The Ultimate My,21.5,4.6,Beginner
https://www.udemy.com/course/ios-13-app-development-bootcamp/,i,60.5,4.7,Beginner
https://www.udemy.com/course/react-redux/,Modern React with Redux [2024 Update],76.0,4.7,All Levels
https://www.udemy.com/course/spring-hibernate-tutorial/,[,34.0,4.6,Beginner
https://www.udemy.com/course/learn-flutter-dart-to-build-ios-android-apps/,Flutter & Dart - The Complete Guide [2024 Edition],30.0,4.6,All Levels
https://www.udemy.com/course/the-complete-web-developer-course-2/,The Complete Web Developer Course 3.0,31.0,4.6,All Levels
https://www.udemy.com/course/the-complete-nodejs-developer-course-2/,The Complete Node.js Developer Course (3rd Edition),35.0,4.5,All Levels
https://www.udemy.com/course/unrealcourse/,Unreal Engine 5 C++ Developer: Learn C++ & Make Video Games,29.5,4.7,All Levels
https://www.udemy.com/course/csharp-tutorial-for-beginners/,C# Basics for Beginners: Learn C# Fundamentals by Coding,5.5,4.5,Beginner
https://www.udemy.com/course/beginning-c-plus-plus-programming/,Beginning C++ Programming - From Beginner to Beyond,46.0,4.6,Beginner
https://www.udemy.com/course/the-python-mega-course/,"Python Mega Course: Learn Python in 60 Days, Build 20 Apps",52.0,4.6,All Levels
https://www.udemy.com/course/vuejs-2-the-complete-guide/,Vue - The Complete Guide (incl. Router & Composition A,32.0,4.8,All Levels
https://www.udemy.com/course/docker-mastery/,Docker Mastery: with Kubernetes +,21.5,4.6,All Levels
https://www.udemy.com/course/docker-and-kubernetes-the-complete-guide/,Docker and Kubernetes: The Complete Guide,21.5,4.6,All Levels
https://www.udemy.com/course/complete-python-developer-zero-to-mastery/,The Complete Python Developer,31.0,4.6,All Levels
https://www.udemy.com/course/r-programming/,R Programming A-,10.5,4.6,All Levels
https://www.udemy.com/course/flutter-bootcamp-with-dart/,The Complete Flutter Development Bootcamp with Dart,29.0,4.5,All Levels
https://www.udemy.com/course/sql-for-beginners-course/,S,8.5,4.6,Beginner
https://www.udemy.com/course/the-python-bible/,The Python Bible™ | Everything You Need to Program in Python,9.0,4.6,Beginner
https://www.udemy.com/course/microservices-with-spring-boot-and-spring-cloud/,Master Microservices with Spring Boot and Spring Cloud,25.0,4.6,All Levels
https://www.udemy.com/course/python-and-django-full-stack-web-developer-bootcamp/,Python and Django Full Stack Web Developer Bootcamp,32.0,4.4,All Levels
https://www.udemy.com/course/understanding-typescript/,Understanding Type,15.0,4.7,All Levels
https://www.udemy.com/course/understand-javascript/,Java,12.0,4.7,All Levels
https://www.udemy.com/course/datastructurescncpp/,Mastering Data Structures & Algorithms using C and C++,58.5,4.6,All Levels
https://www.udemy.com/course/nodejs-the-complete-guide/,Node,40.5,4.6,All Levels
https://www.udemy.com/course/deeplearning/,Deep Learning A-,23.0,4.5,All Levels
https://www.udemy.com/course/the-complete-react-native-and-redux-course/,The Complete React Native + Hooks Course,38.5,4.5,All Levels
https://www.udemy.com/course/apache-kafka/,Apache Kafka Series - Learn Apache Kafka for Beginners v3,8.5,4.7,Beginner
https://www.udemy.com/course/advanced-css-and-sass/,Advanced C,28.0,4.8,Intermediate
https://www.udemy.com/course/python-programming-projects/,Python for Beginners: Learn Python Programming (,3.0,4.5,Beginner
https://www.udemy.com/course/java-programming-tutorial-for-beginners/,Java Programming for Complete Beginners,41.5,4.6,Beginner
https://www.udemy.com/course/statistics-for-data-science-and-business-analysis/,Statistics for Data Science and Business Analysis,5.0,4.6,All Levels
https://www.udemy.com/course/unitycourse2/,Complete C# Unity Game Developer 3,30.5,4.7,All Levels
